"UID","Name","DOI","Citation","Rights","More Information","Data generalisations","Information withheld","Download limit","Number of Records in Download"
"dr909","BRERC Notable Species records within the last 10 years","doi:10.15468/vntgox","Bristol Regional Environmental Records Centre ([Insert download year]). BRERC Notable Species records within the last 10 years. Occurrence dataset on the NBN Atlas","Creative Commons, with Attribution, Non-commercial v4.0 (CC-BY-NC) BRERC retains copyright. The data is provided via the NBN Atlas for non-commercial purposes.","For more information: email info@brerc.org.uk, or https://registry.nbnatlas.org/public/show/dr909","","","","4"
"dp57","Bat Conservation Trust","","Records provided by Bat Conservation Trust, accessed through NBN Atlas website.","","For more information: email enquiries@bats.org.uk, or https://registry.nbnatlas.org/public/show/dp57","","","","1"
"dp56","Royal Horticultural Society","","Records provided by Royal Horticultural Society, accessed through NBN Atlas website.","","For more information: email membership@rhs.org.uk, or https://registry.nbnatlas.org/public/show/dp56","","","","88"
"dr2581","Nottinghamshire Wildlife Trust - Records","10.15468/p2vf4u","Data supplied by Nottinghamshire Wildlife Trust","Creative Commons, with Attribution, Non-commercial v4.0 (CC-BY-NC) CC BY-NC
      		Creative Commons Attribution Non-Commercial","For more information: email info@nottswt.co.uk, or https://registry.nbnatlas.org/public/show/dr2581","","","","1"
"dr2464","Leicestershire and Rutland Environmental Records Centre records 2000-2009","10.15468/cs2zzf","Leicestershire and Rutland Environmental Records Centre ([Insert year of download]). Leicestershire and Rutland Environmental Records Centre records 2000-2009. Occurrence dataset on the NBN Atlas.","Creative Commons, with Attribution, Non-commercial v4.0 (CC-BY-NC) LRERC should be acknowledged in any use of the data.  The data supplier is contained within the dataset.  Further metadata on individual data suppliers datasets can be found by searching for the datasetID at https://my.lerc.online/Datasets.aspx?src=lr","For more information:  https://registry.nbnatlas.org/public/show/dr2464","","","","214"
"dr2465","Leicestershire and Rutland Environmental Records Centre records 2010-2014","10.15468/9n92x3","Leicestershire and Rutland Environmental Records Centre ([Insert year of download]). Leicestershire and Rutland Environmental Records Centre records 2010-2014. Occurrence dataset on the NBN Atlas","Creative Commons, with Attribution, Non-commercial v4.0 (CC-BY-NC) LRERC should be acknowledged in any use of the data.  The data supplier is contained within the dataset.  Further metadata on individual data suppliers datasets can be found by searching for the datasetID at https://my.lerc.online/Datasets.aspx?src=lr","For more information:  https://registry.nbnatlas.org/public/show/dr2465","","","","262"
"dr2463","Leicestershire and Rutland Environmental Records Centre records pre 2000","10.15468/res3cx","Leicestershire and Rutland Environmental Records Centre ([Insert year of download]). Leicestershire and Rutland Environmental Records Centre records pre 2000. Occurrence dataset on the NBN Atlas.","Creative Commons, with Attribution, Non-commercial v4.0 (CC-BY-NC) LRERC should be acknowledged in any use of the data.  The data supplier is contained within the dataset.  Further metadata on individual data suppliers datasets can be found by searching for the datasetID at https://my.lerc.online/Datasets.aspx?src=lr","For more information:  https://registry.nbnatlas.org/public/show/dr2463","","","","557"
"dp200","Manx Wildlife Trust","","Records provided by Manx Wildlife Trust, accessed through NBN Atlas website.","","For more information: email enquiries@manxwt.org.uk, or https://registry.nbnatlas.org/public/show/dp200","","","","15"
"dr2466","Leicestershire and Rutland Environmental Records Centre records 2015-2019","10.15468/dues93","Leicestershire and Rutland Environmental Records Centre ([Insert year of download]). Leicestershire and Rutland Environmental Records Centre records 2015-2019. Occurrence dataset on the NBN Atlas.","Creative Commons, with Attribution, Non-commercial v4.0 (CC-BY-NC) LRERC should be acknowledged in any use of the data.  The data supplier is contained within the dataset.  Further metadata on individual data suppliers datasets can be found by searching for the datasetID at https://my.lerc.online/Datasets.aspx?src=lr","For more information:  https://registry.nbnatlas.org/public/show/dr2466","","","","153"
"dr346","SNH Invertebrate Site Condition Monitoring 2013/14: North Rothiemurchus Pinewood SSSI","doi:10.15468/tl3n6y","Caledonian Conservation Ltd","Open Government Licence (OGL) CC-BY","For more information: email chris.cathrine@caledonianconservation.co.uk, or https://registry.nbnatlas.org/public/show/dr346","","","","76"
"dr345","SNH Invertebrate Site Condition Monitoring 2013/14: Eastern Cairngorms SSSI","doi:10.15468/pazrpw","Caledonian Conservation Ltd","Open Government Licence (OGL) CC-BY","For more information: email chris.cathrine@caledonianconservation.co.uk, or https://registry.nbnatlas.org/public/show/dr345","","","","66"
"dp162","Fife Nature Records Centre","","Records provided by Fife Nature Records Centre, accessed through NBN Atlas website.","","For more information: email nature.info@fife.gov.uk, or https://registry.nbnatlas.org/public/show/dp162","","","","30"
"dr341","SNH Invertebrate Site Condition Monitoring 2013/14: Abernethy Forest SSSI","doi:10.15468/1fb0a1","Caledonian Conservation Ltd","Open Government Licence (OGL) OGL","For more information: email chris.cathrine@caledonianconservation.co.uk, or https://registry.nbnatlas.org/public/show/dr341","","","","160"
"dr505","Riparia","doi:10.15468/wunv9t","© Natural England copyright. Contains Ordnance Survey data © Crown copyright and database right [year]","Open Government Licence (OGL) OGL","For more information:  https://registry.nbnatlas.org/public/show/dr505","","","","3"
"dp208","Woodmeadow Trust","","Records provided by Woodmeadow Trust, accessed through NBN Atlas website.","","For more information:  https://registry.nbnatlas.org/public/show/dp208","","","","100"
"dr1935","NRW Regional Data: South East Wales Non-sensitive species","10.15468/g7xxs8","SEWBReC ([Insert download year]). NRW Regional Data: South East Wales Non-sensitive species. Occurrence dataset on the NBN Atlas","Open Government Licence (OGL)","For more information:  https://registry.nbnatlas.org/public/show/dr1935","","","","1"
"dr1419","SNH Invertebrate Site Condition Monitoring 2015-16: Morrich More SSSI","doi:10.15468/tofgk4","Caledonian Conservation ([Insert download Year]). SNH Invertebrate Site Condition Monitoring 2015-16: Morrich More SSSI. Occurrence dataset on the NBN Atlas","Open Government Licence (OGL) CC-BY","For more information: email chris.cathrine@caledonianconservation.co.uk, or https://registry.nbnatlas.org/public/show/dr1419","","","","8"
"dr867","Suffolk Biodiversity Information Service (SBIS) Dataset","doi:10.15468/ab4vwo","Suffolk Biodiversity Information Service ([Insert download year]). Suffolk Biodiversity Information Service (SBIS) Dataset. Occurrence dataset on the NBN Atlas","Creative Commons, with Attribution, Non-commercial v4.0 (CC-BY-NC) CC-BY-NC","For more information: email martin.sanford@suffolk.gov.uk, or https://registry.nbnatlas.org/public/show/dr867","","","","2994"
"dr746","CPERC Combined Dataset","doi:10.15468/npthhv","Cambridgeshire & Peterborough Environmental Records Centre ([Insert download year]). CPERC Combined Dataset. Occurrence dataset on the NBN Atlas","Creative Commons, with Attribution, Non-commercial v4.0 (CC-BY-NC) CC-BY-NC","For more information: email data@cperc.org.uk, or https://registry.nbnatlas.org/public/show/dr746","","","","18"
"dp59","Argyll Biological Records Centre","","Records provided by Argyll Biological Records Centre, accessed through NBN Atlas website.","","For more information: email data@lnhg.org.uk, or https://registry.nbnatlas.org/public/show/dp59","","","","504"
"dp43","The Wildlife Information Centre","","Records provided by The Wildlife Information Centre, accessed through NBN Atlas website.","","For more information: email info@wildlifeinformation.co.uk, or https://registry.nbnatlas.org/public/show/dp43","","","","175"
"dp1","Buglife","","Records provided by Buglife, accessed through NBN Atlas website.","","For more information: email scotland@buglife.org.uk, or https://registry.nbnatlas.org/public/show/dp1","","","","264"
"dp0","Royal Society for the Protection of Birds","","Records provided by Royal Society for the Protection of Birds, accessed through NBN Atlas website.","","For more information: email Dataunit@rspb.org.uk, or https://registry.nbnatlas.org/public/show/dp0","","","","32"
"dp3","Outer Hebrides Biological Recording","","Records provided by Outer Hebrides Biological Recording, accessed through NBN Atlas website.","","For more information: email admin@ohbr.org.uk, or https://registry.nbnatlas.org/public/show/dp3","","","","285"
"dp2","Scottish Wildlife Trust","","Records provided by Scottish Wildlife Trust, accessed through NBN Atlas website.","","For more information: email datarequests@scottishwildlifetrust.org.uk, or https://registry.nbnatlas.org/public/show/dp2","","","","386"
"dp4","Caledonian Conservation","","Records provided by Caledonian Conservation, accessed through NBN Atlas website.","","For more information: email info@caledonianconservation.co.uk, or https://registry.nbnatlas.org/public/show/dp4","","","","576"
"dp7","Highland Biological Recording Group","","Records provided by Highland Biological Recording Group, accessed through NBN Atlas website.","","For more information: email info@hbrg.org.uk, or https://registry.nbnatlas.org/public/show/dp7","","","","4386"
"dr1381","SNH Invertebrate Site Condition Monitoring 2015-16: Den of Airlie SSSI","doi:10.15468/iorelw","Caledonian Conservation ([Insert download year]). SNH Invertebrate Site Condition Monitoring 2015-16: Den of Airlie SSSI. Occurrence dataset on the NBN Atlas","Open Government Licence (OGL) CC-BY","For more information: email chris.cathrine@caledonianconservation.co.uk, or https://registry.nbnatlas.org/public/show/dr1381","","","","1"
"dr1386","NE Scotland other invertebrate records 1800-2010","doi:10.15468/ifjfxz","North East Scotland Biological Records Centre ([Insert download year]). NE Scotland other invertebrate records 1800-2010. Occurrence dataset on the NBN Atlas","Creative Commons, with Attribution, Non-commercial v4.0 (CC-BY-NC) CC-BY-NC","For more information: email nesbrec@aberdeenshire.gov.uk, or https://registry.nbnatlas.org/public/show/dr1386","","","","380"
"dr2079","Manx Biological Recording Partnership VERIFIED Isle of Man records between 14/02/2017 and 05/09/2019","10.15468/dudjqq","Manx Biological Recording Partnership (2019). Isle of Man verified records between 14/02/2017 and 05/09/2019","Creative Commons, with Attribution, Non-commercial v4.0 (CC-BY-NC) Please acknowledge the Manx Biological Recording Partnership,  https://isleofman.nbnatlas.org/","For more information:  https://registry.nbnatlas.org/public/show/dr2079","","","","15"
"dr1420","Miscellaneous records held on the Cofnod database","doi:10.15468/hcgqsi","Cofnod ([Insert download year]). Miscellaneous records held on the Cofnod database. Occurrence dataset on the NBN Atlas","Creative Commons, with Attribution, Non-commercial v4.0 (CC-BY-NC) CC-BY-NC","For more information: email record@cofnod.org.uk, or https://registry.nbnatlas.org/public/show/dr1420","","","","242"
"dr2199","Lothian Wildlife Information Centre surveys (Invertebrates - general)","10.15468/raxra9","Lothian Wildlife Information Centre surveys (Invertebrates - general), TWIC (2020)","Creative Commons, with Attribution, Non-commercial v4.0 (CC-BY-NC)","For more information:  https://registry.nbnatlas.org/public/show/dr2199","","","","137"
"dp154","NatureSpot","","Records provided by NatureSpot, accessed through NBN Atlas website.","","For more information: email info@naturespot.org.uk, or https://registry.nbnatlas.org/public/show/dp154","","","","422"
"dr1786","Montgomeryshire Wildlife Trust records held by BIS","doi:10.15468/vozyfp","BIS for Powys and Brecon Beacons National Park ([Insert download year]). Mongomeryshire Wildlife Trust records held by BIS. Occurrence dataset on the NBN Atlas","Creative Commons, with Attribution, Non-commercial v4.0 (CC-BY-NC)","For more information:  https://registry.nbnatlas.org/public/show/dr1786","","","","26"
"dr1787","Radnorshire Wildlife Trust records held by BIS","doi:10.15468/hxqokw","BIS for Powys and Brecon Beacons National Park ([Insert download year]). Radnorshire Wildlife Trust records held by BIS. Occurrence dataset on the NBN Atlas","Creative Commons, with Attribution, Non-commercial v4.0 (CC-BY-NC)","For more information:  https://registry.nbnatlas.org/public/show/dr1787","","","","11"
"dr1941","Northern Ireland Environment Agency (NIEA) Collated Species Records","10.15468/gefbqb","Northern Ireland Environment Agency (NIEA) Collated Species Records, CEDaR (2019)","Open Government Licence (OGL)","For more information:  https://registry.nbnatlas.org/public/show/dr1941","","","","30"
"dp156","Leicestershire and Rutland Environmental Records Centre","","Records provided by Leicestershire and Rutland Environmental Records Centre, accessed through NBN Atlas website.","","For more information: email LRERC@leics.gov.uk, or https://registry.nbnatlas.org/public/show/dp156","","","","1186"
"dr1784","Miscellaneous records held by BIS","doi:10.15468/mo7peo","BIS for Powys and Brecon Beacons National Park ([Insert download year]). Miscellaneous records held by BIS. Occurrence dataset on the NBN Atlas","Creative Commons, with Attribution, Non-commercial v4.0 (CC-BY-NC)","For more information:  https://registry.nbnatlas.org/public/show/dr1784","","","","166"
"dr851","Merseyside BioBank (verified)","doi:10.15468/ar0p6s","Merseyside BioBank (2020) www.merseysidebiobank.org.uk","Creative Commons, with Attribution, Non-commercial v4.0 (CC-BY-NC) CC-BY-NC","For more information: email Info@MerseysideBioBank.org.uk, or https://registry.nbnatlas.org/public/show/dr851","","","","19"
"dr334","SNH Invertebrate Site Condition Monitoring 2013/14: Glenmore Forest SSSI","doi:10.15468/dybxls","Caledonian Conservation Ltd","Open Government Licence (OGL) CC-BY","For more information: email chris.cathrine@caledonianconservation.co.uk, or https://registry.nbnatlas.org/public/show/dr334","","","","111"
"dr1785","Brecknock Wildlife Trust (Now WTSWW Brecknockhire) records held by BIS","doi:10.15468/hd7pvq","BIS for Powys and Brecon Beacons National Park ([Insert download year]). Brecknock Wildlife Trust (Now WTSWW Brecknockhire) records held by BIS. Occurrence dataset on the NBN Atlas","Creative Commons, with Attribution, Non-commercial v4.0 (CC-BY-NC)","For more information:  https://registry.nbnatlas.org/public/show/dr1785","","","","4"
"dp150","Nottinghamshire Biological and Geological Records Centre","","Records provided by Nottinghamshire Biological and Geological Records Centre, accessed through NBN Atlas website.","","For more information: email nbgrcg@nottinghamcity.gov.uk, or https://registry.nbnatlas.org/public/show/dp150","","","","307"
"dr692","Norfolk and Suffolk Broads Invertebrate Data 2007-2008","doi:10.15468/uloykk","Natural England ([Insert download year]). Norfolk and Suffolk Broads Invertebrate Data 2007-2008. Occurrence dataset on the NBN Atlas","Open Government Licence (OGL) OGL","For more information:  https://registry.nbnatlas.org/public/show/dr692","","","","3"
"dr330","SNH Invertebrate Site Condition Monitoring 2013/14: Cairngorms SSSI","doi:10.15468/v69w8a","Caledonian Conservation Ltd","Open Government Licence (OGL) OGL","For more information: email chris.cathrine@caledonianconservation.co.uk, or https://registry.nbnatlas.org/public/show/dr330","","","","10"
"dr858","City of Edinburgh Natural Heritage Service - Ranger Ad-hoc records and sightings","doi:10.15468/ealk6c","The Wildlife Information Centre ([Insert download year]). City of Edinburgh Natural Heritage Service - Ranger Ad-hoc records and sightings. Occurrence dataset on the NBN Atlas","Open Government Licence (OGL) OGL","For more information: email admin@wildlifeinformation.co.uk, or https://registry.nbnatlas.org/public/show/dr858","","","","2"
"dr856","City of Edinburgh Natural Heritage Service - Historical Records","doi:10.15468/zwsdui","The Wildlife Information Centre ([Insert download year]).  City of Edinburgh Natural Heritage Service - Historical Records. Occurrence dataset on the NBN Atlas","Open Government Licence (OGL) OGL","For more information: email admin@wildlifeinformation.co.uk, or https://registry.nbnatlas.org/public/show/dr856","","","","13"
"dr855","All taxa records for Leicestershire and Rutland","doi:10.15468/i46are","Records provided by All taxa records for Leicestershire and Rutland, accessed through NBN Atlas website.","Creative Commons with Attribution 4.0 (CC-BY) CC BY
      		Creative Commons Attribution","For more information:  https://registry.nbnatlas.org/public/show/dr855","","","","422"
"dp77","Biological Records Centre","","Records provided by Biological Records Centre, accessed through NBN Atlas website.","","For more information: email brc@ceh.ac.uk, or https://registry.nbnatlas.org/public/show/dp77","","","","10025"
"dp191","Sussex Biodiversity Record Centre","","Records provided by Sussex Biodiversity Record Centre, accessed through NBN Atlas website.","","For more information:  https://registry.nbnatlas.org/public/show/dp191","","","","81"
"dr1790","Trevor and Dilys Pendleton Eakring and Nottinghamshire Invertebrate Records","","Nottinghamshire Biological and Geological Records Centre ([Insert download year]). Trevor and Dilys Pendleton Eakring and Nottinghamshire Invertebrate Records. Occurrence dataset on the NBN Atlas","Creative Commons, with Attribution, Non-commercial v4.0 (CC-BY-NC)","For more information:  https://registry.nbnatlas.org/public/show/dr1790","","","","307"
"dr1271","SNH Invertebrate Site Condition Monitoring 2015-16: Culbin Sands, Culbin Forest and Findhorn Bay SSSI","doi:10.15468/bg1iit","Caledonian Conservation ([Insert download year]). SNH Invertebrate Site Condition Monitoring 2015-16: Culbin Sands, Culbin Forest and Findhorn Bay SSSI. Occurrence dataset on the NBN Atlas","Open Government Licence (OGL) CC-BY","For more information: email chris.cathrine@caledonianconservation.co.uk, or https://registry.nbnatlas.org/public/show/dr1271","","","","19"
"dr2486","Woodmeadow Invertebrate Survey 2019","10.15468/tnp8ek","Woodmeadow Trust ([Insert year of download]). Woodmeadow Invertebrate Survey 2019. Occurrence dataset on the NBN Atlas","Creative Commons with Attribution 4.0 (CC-BY)","For more information:  https://registry.nbnatlas.org/public/show/dr2486","","","","29"
"dr1155","Natural Resources Wales Regional Data : Mid-Wales","doi:10.15468/whj6d7","BIS for Powys & Brecon Beacons National Park ([Insert download year]). Natural Resources Wales Regional Data : Mid-Wales. Occurrence dataset on the NBN Atlas","Open Government Licence (OGL) OGL","For more information:  https://registry.nbnatlas.org/public/show/dr1155","","Additional information is available from BIS – www.bis.org.uk. This dataset contains sensitive species records which may only be made available at full resolution under licence to approved individuals and organisations following a request to BIS. It is provided under strict confidentiality terms.","","4"
"dr2249","NBMP Sunset-Sunrise Survey","10.15468/brmbw2","National Bat Monitoring Programme [date accessed] Sunset/Sunrise Survey, Bat Conservation Trust.","Open Government Licence (OGL) OGL
      		Open Government Licence","For more information:  https://registry.nbnatlas.org/public/show/dr2249","","","","1"
"dp101","Cambridgeshire & Peterborough Environmental Records Centre","","Records provided by Cambridgeshire & Peterborough Environmental Records Centre, accessed through NBN Atlas website.","","For more information: email data@cperc.org.uk, or https://registry.nbnatlas.org/public/show/dp101","","","","18"
"dr1312","Stackpole National Nature Reserve Species Inventory and Ad-hoc Sightings from Across Pembrokeshire","doi:10.15468/k6hvb8","Natural Resources Wales.  ([Insert year of download])  Stackpole National Nature Reserve Species Inventory and Ad-hoc Sightings from Across Pembrokeshire. Occurrence dataset accessed through the NBNAtlas","Open Government Licence (OGL) © CNC/NRW
Data may be re-used under the terms of the Open Government Licence providing it is done so, acknowledging both the source and NRW's copyright. It is the recipient's responsibility to ensure the data is fit for the intended purpose.

Attribution statement: Contains Natural Resources Wales information © Natural Resources Wales and Database Right. All rights Reserved.","For more information:  https://registry.nbnatlas.org/public/show/dr1312","","","","302"
"dp186","West Wales Biodiversity Information Centre","","Records provided by West Wales Biodiversity Information Centre, accessed through NBN Atlas website.","","For more information:  https://registry.nbnatlas.org/public/show/dp186","","","","179"
"dr1954","CEDaR Online Recording","10.15468/ke4kw8","Records provided by CEDaR Online Recording, accessed through NBN Atlas website.","Creative Commons with Attribution 4.0 (CC-BY) CC BY
      		Creative Commons Attribution","For more information:  https://registry.nbnatlas.org/public/show/dr1954","","","","69"
"dp107","Bristol Regional Environmental Records Centre","","Records provided by Bristol Regional Environmental Records Centre, accessed through NBN Atlas website.","","For more information: email dataenquiries@brerc.org.uk, or https://registry.nbnatlas.org/public/show/dp107","","","","706"
"dp109","Lancashire Environment Record Network","","Records provided by Lancashire Environment Record Network, accessed through NBN Atlas website.","","For more information: email lern@lancashire.gov.uk, or https://registry.nbnatlas.org/public/show/dp109","","","","120"
"dp103","Dorset Environmental Records Centre","","Records provided by Dorset Environmental Records Centre, accessed through NBN Atlas website.","","For more information: email Enquiries@derc.org.uk, or https://registry.nbnatlas.org/public/show/dp103","","","","33"
"dr766","Survey and monitoring records for Scottish Wildlife Trust reserves from reserve convenors and Trust volunteers - Verified data","doi:10.15468/yyd4b9","Scottish Wildlife Trust ([Insert download year]). Survey and monitoring records for Scottish Wildlife Trust reserves from reserve convenors and Trust volunteers - Verified data. Occurrence dataset on the NBN Atlas","Creative Commons with Attribution 4.0 (CC-BY) CC-BY","For more information: email rsiller@scottishwildlifetrust.org.uk, or https://registry.nbnatlas.org/public/show/dr766","","","","28"
"dr765","Commissioned surveys and staff surveys and reports for Scottish Wildlife Trust reserves - Verified data","doi:10.15468/a6snhl","Scottish Wildlife Trust ([Insert download year]). Commissioned surveys and staff surveys and reports for Scottish Wildlife Trust reserves - Verified data. Occurrence dataset on the NBN Atlas","Creative Commons with Attribution 4.0 (CC-BY) CC-BY","For more information: email rsiller@scottishwildlifetrust.org.uk, or https://registry.nbnatlas.org/public/show/dr765","","","","95"
"dr922","TWIC Biodiversity Field Trip Data (1995-present)","doi:10.15468/ljc0ke","The Wildlife Information Centre ([Insert download year]). TWIC Biodiversity Field Trip Data (1995-present). Occurrence dataset on the NBN Atlas","Creative Commons, with Attribution, Non-commercial v4.0 (CC-BY-NC) CC-BY-NC","For more information: email admin@wildlifeinformation.co.uk, or https://registry.nbnatlas.org/public/show/dr922","","","","4"
"dr2494","2017 Onwards Rare Invertebrates in the Cairngorms Shining Guest Ant Survey Data","10.15468/hp5jau","RSPB ([Insert download year]). 2017 Onwards Rare Invertebrates in the Cairngorms Shining Guest Ant Survey Data. Occurrence dataset on the NBN Atlas","Creative Commons with Attribution 4.0 (CC-BY) Please acknowledge the Rare Invertebrates in the Cairngorms partnership project in any use of this data.","For more information:  https://registry.nbnatlas.org/public/show/dr2494","","","","11"
"dr2010","TWIC Site Surveys (2010 - present)","10.15468/qscd9y","TWIC Site Surveys (2010 - present) (2020)","Creative Commons, with Attribution, Non-commercial v4.0 (CC-BY-NC)","For more information:  https://registry.nbnatlas.org/public/show/dr2010","","","","2"
"dr2096","Sheffield and Rotherham Wildlife Trust - Records","10.15468/x3wdpp","Data supplied by Sheffield and Rotherham Wildlife Trust","Creative Commons, with Attribution, Non-commercial v4.0 (CC-BY-NC) CC BY-NC
      		Creative Commons Attribution Non-Commercial","For more information: email mail@wildsheffield.com, or https://registry.nbnatlas.org/public/show/dr2096","","","","5"
"dr1287","NRW Regional Data: all taxa (excluding sensitive species), West Wales","doi:10.15468/q3d1hl","West Wales Biodiversity Information Centre ([Insert download year]). NRW Regional Data: all taxa (excluding sensitive species), West Wales. Occurrence dataset on the NBN Atlas","Open Government Licence (OGL) OGL","For more information: email Kate.jones@wwbic.org.uk, or https://registry.nbnatlas.org/public/show/dr1287","","","","98"
"dr2498","Dipterists Forum: Field Week 2017 (Snowdonia)","10.15468/u77728","Dipterists Forum ([Insert download year]). Dipterists Forum: Field Week 2017 (Snowdonia). Occurrence dataset on the NBN Atlas","Creative Commons, with Attribution, Non-commercial v4.0 (CC-BY-NC)","For more information:  https://registry.nbnatlas.org/public/show/dr2498","","","","8"
"dr1164","LERN Records","doi:10.15468/esxc9a","Lancashire Environment Record Network ([Insert download year]). LERN Records. Occurrence dataset on the NBN Atlas","Creative Commons, with Attribution, Non-commercial v4.0 (CC-BY-NC) CC-BY-NC","For more information: email lern@lancashire.gov.uk, or https://registry.nbnatlas.org/public/show/dr1164","","","","120"
"dr1687","Woodmeadow Invertebrate Survey 2016","10.15468/1epq4f","Records provided by Woodmeadow Invertebrate Survey 2016, accessed through NBN Atlas website.","Creative Commons, with Attribution, Non-commercial v4.0 (CC-BY-NC)","For more information:  https://registry.nbnatlas.org/public/show/dr1687","Additional (and more detailed) information about the data can be found at https://www.woodmeadowtrust.org.uk/home","","","22"
"dr355","SNH Invertebrate Site Condition Monitoring 2013/14: Flanders Moss SSSI","doi:10.15468/tehqjr","Caledonian Conservation Ltd","Open Government Licence (OGL) CC-BY","For more information: email chris.cathrine@caledonianconservation.co.uk, or https://registry.nbnatlas.org/public/show/dr355","","","","6"
"dp177","Rotherham Biological Records Centre","","Records provided by Rotherham Biological Records Centre, accessed through NBN Atlas website.","","For more information:  https://registry.nbnatlas.org/public/show/dp177","","","","1209"
"dr1842","iRecord Surveys","doi:10.15468/i7x5ca","Natural England iRecord Surveys ([year of download])","Open Government Licence (OGL) OGL 
      		Open Government Licence (OGL 3.0)","For more information:  https://registry.nbnatlas.org/public/show/dr1842","","","","111"
"dr1325","SNH Invertebrate Site Condition Monitoring of Invertebrate Assemblages at ten SSSIs, 2011-12","doi:10.15468/rraqic","Caledonian Conservation ([Insert download year]). SNH Invertebrate Site Condition Monitoring of Invertebrate Assemblages at ten SSSIs, 2011-12. Occurrence dataset on the NBN Atlas","Open Government Licence (OGL) CC-BY","For more information: email chris.cathrine@caledonianconservation.co.uk, or https://registry.nbnatlas.org/public/show/dr1325","","","","3"
"dr1685","Woodmeadow Invertebrate Survey 2014","10.15468/iqu35i","Woodmeadow True ([Insert download year]). Woodmeadow Invertebrate Survey 2014. Occurrence dataset on the NBN Atlas","Creative Commons with Attribution 4.0 (CC-BY)","For more information:  https://registry.nbnatlas.org/public/show/dr1685","","Additional (and more detailed) information about the data can be found at: https://www.woodmeadowtrust.org.uk/home","","14"
"dr1686","Woodmeadow Invertebrate Survey 2015","10.15468/zyqxsa","Records provided by Woodmeadow Invertebrate Survey 2015, accessed through NBN Atlas website.","Creative Commons, with Attribution, Non-commercial v4.0 (CC-BY-NC)","For more information:  https://registry.nbnatlas.org/public/show/dr1686","Additional (and more detailed) information about the data can be found at https://www.woodmeadowtrust.org.uk/home","","","9"
"dr356","SNH Invertebrate Site Condition Monitoring 2013/14: Lismore Lochs SSSI","doi:10.15468/f7ca1e","Caledonian Conservation Ltd","Open Government Licence (OGL) CC-BY","For more information: email chris.cathrine@caledonianconservation.co.uk, or https://registry.nbnatlas.org/public/show/dr356","","","","2"
"dp172","Dipterists Forum","","Records provided by Dipterists Forum, accessed through NBN Atlas website.","","For more information: email showersjohn@gmail.com, or https://registry.nbnatlas.org/public/show/dp172","","","","8"
"dr1967","West Wales Online Records","","West Wales Biodiversity Information Centre ([Insert year of download]). West Wales Online Records. Occurrence dataset on the NBN Atlas","Creative Commons, with Attribution, Non-commercial v4.0 (CC-BY-NC)","For more information:  https://registry.nbnatlas.org/public/show/dr1967","","","","4"
"dr914","St Andrews BioBlitz 2015","10.15468/xtrbvy","Fife Nature Records Centre ([Insert download year]). St Andrews BioBlitz 2015. Occurrence dataset on the NBN Atlas","Creative Commons, with Attribution, Non-commercial v4.0 (CC-BY-NC) CC-BY-NC","For more information: email nature.info@fife.gov.uk, or https://registry.nbnatlas.org/public/show/dr914","","","","1"
"dr755","NBIS Records to December 2016","doi:10.15468/jca5lo","Norfolk Biodiversity Information Service ([Insert download year]). NBIS Records to December 2016. Occurrence dataset on the NBN Atlas","Creative Commons, with Attribution, Non-commercial v4.0 (CC-BY-NC) CC-BY-NC","For more information: email nbis@norfolk.gov.uk, or https://registry.nbnatlas.org/public/show/dr755","","","","7276"
"dr875","HBRG P.F. Entwistle Colln and Notebooks Dataset","doi:10.15468/fmcwyl","Highland Biological Recording Group ([Insert year of download]). HBRG P.F. Entwistle Colln and Notebooks Dataset","Creative Commons with Attribution 4.0 (CC-BY) CC-BY","For more information:  https://registry.nbnatlas.org/public/show/dr875","","","","14"
"dr239","Ants: Formica Exsecta Records (Scotland)","doi:10.15468/6mm6ky","Scottish Wildlife Trust ([Insert download year]). Ants: Formica Exsecta Records (Scotland). Occurrence dataset on the NBN Atlas","Creative Commons with Attribution 4.0 (CC-BY) CC-BY","For more information: email rsiller@scottishwildlifetrust.org.uk, or https://registry.nbnatlas.org/public/show/dr239","","","","263"
"dp96","BIS for Powys & Brecon Beacons National Park","","Records provided by BIS for Powys & Brecon Beacons National Park, accessed through NBN Atlas website.","","For more information: email info@bis.org.uk, or https://registry.nbnatlas.org/public/show/dp96","","","","211"
"dr1294","Urban Roots Malls Mire Invertebrate Records 2014","doi:10.15468/kpl3zg","Caledonian Conservation ([Insert download year]). Urban Roots Malls Mire Invertebrate Records 2014. Occurrence dataset on the NBN Atlas","Creative Commons with Attribution 4.0 (CC-BY) CC-BY","For more information: email chris.cathrine@caledonianconservation.co.uk, or https://registry.nbnatlas.org/public/show/dr1294","","","","38"
"dr2140","Bee, wasp and ant (Hymenoptera: Aculeata) records verified via iRecord","10.15468/idirhy","Biological Records Centre. [Date downloaded]. Bee, wasp and ant (Hymenoptera: Aculeata) records verified via iRecord.","Creative Commons with Attribution 4.0 (CC-BY) CC BY
      		Creative Commons Attribution","For more information:  https://registry.nbnatlas.org/public/show/dr2140","","","","10021"
"dr1293","UK Biodiversity Action Plan Invertebrate Data for Wales","doi:10.15468/3qrrks","Natural Resources Wales.  ([Insert year of download])  UK Biodiversity Action Plan Invertebrate Data for Wales. Occurrence dataset accessed through the NBNAtlas","Open Government Licence (OGL) © CNC/NRW
Data may be re-used under the terms of the Open Government Licence providing it is done so, acknowledging both the source and NRW's copyright. It is the recipient's responsibility to ensure the data is fit for the intended purpose.

Attribution statement: Contains Natural Resources Wales information © Natural Resources Wales and Database Right. All rights Reserved.","For more information:  https://registry.nbnatlas.org/public/show/dr1293","","","","1"
"dr1970","Woodmeadow Invertebrate Survey 2017","10.15468/14uuhu","Three Hagges Wood-Meadow, near Riccall, North Yorkshire, invertebrate survey 2017 (2019)","Creative Commons, with Attribution, Non-commercial v4.0 (CC-BY-NC)","For more information:  https://registry.nbnatlas.org/public/show/dr1970","","","","15"
"dr1175","Bringing Reedbeds to Life Invertebrate Survey of three key reedbed sites in England in 2009, 2010","doi:10.15468/919amh","Royal Society for the Protection of Birds ([Insert download year]). Bringing Reedbeds to Life Invertebrate Survey of three key reedbed sites in England in 2009, 2010. Occurrence dataset on the NBN Atlas","Creative Commons with Attribution 4.0 (CC-BY) CC-BY","For more information: email dataunit@rspb.org.uk, or https://registry.nbnatlas.org/public/show/dr1175","","","","21"
"dp121","Suffolk Biodiversity Information Service","","Records provided by Suffolk Biodiversity Information Service, accessed through NBN Atlas website.","","For more information:  https://registry.nbnatlas.org/public/show/dp121","","","","2994"
"dr1335","Gloucestershire Historic Wildlife Sightings prior to 1st Jan 2000","doi:10.15468/dgf5es","Gloucestershire Centre for Environmental Records ([Insert download year]). Gloucestershire Historic Wildlife Sightings prior to 1st Jan 2000. Occurrence dataset on the NBN Atlas","Creative Commons with Attribution 4.0 (CC-BY) CC-BY","For more information:  https://registry.nbnatlas.org/public/show/dr1335","","","","115"
"dp122","Natural Resources Wales","","Records provided by Natural Resources Wales, accessed through NBN Atlas website.","","For more information: email nbnadmin@cyfoethnaturiolcymru.gov.uk, or https://registry.nbnatlas.org/public/show/dp122","","","","5775"
"dr1971","Woodmeadow Invertebrate Survey 2018","10.15468/f4n4wf","Woodmeadow Invertebrate Survey 2018, Woodmeadow Trust (2019)","Creative Commons, with Attribution, Non-commercial v4.0 (CC-BY-NC)","For more information:  https://registry.nbnatlas.org/public/show/dr1971","","","","11"
"dp123","North East Scotland Biological Records Centre","","Records provided by North East Scotland Biological Records Centre, accessed through NBN Atlas website.","","For more information: email nesbrec@aberdeenshire.gov.uk, or https://registry.nbnatlas.org/public/show/dp123","","","","380"
"dr1212","Welsh Invertebrate Database (WID)","doi:10.15468/bv8fcj","Natural Resources Wales.  ([Insert year of download])  Welsh Invertebrate Database (WID). Occurrence dataset accessed through the NBNAtlas","Open Government Licence (OGL) © CNC/NRW
Data may be re-used under the terms of the Open Government Licence providing it is done so, acknowledging both the source and NRW's copyright. It is the recipient's responsibility to ensure the data is fit for the intended purpose.

Attribution statement: Contains Natural Resources Wales information © Natural Resources Wales and Database Right. All rights Reserved.","For more information:  https://registry.nbnatlas.org/public/show/dr1212","","","","5472"
"dr2785","A.T. Sumner's Records","","The Wildlife Information Centre ([Insert download year]). A.T. Sumner's Records. Occurrence dataset on the NBN Atlas","Creative Commons with Attribution 4.0 (CC-BY)","For more information:  https://registry.nbnatlas.org/public/show/dr2785","","","","8"
"dr1333","SNH Invertebrate Site Condition Monitoring 2015-16: Crannach Wood SSSI","doi:10.15468/qrfcge","Caledonian Conservation ([Insert download year]). SNH Invertebrate Site Condition Monitoring 2015-16: Crannach Wood SSSI. Occurrence dataset on the NBN Atlas","Open Government Licence (OGL) CC-BY","For more information: email chris.cathrine@caledonianconservation.co.uk, or https://registry.nbnatlas.org/public/show/dr1333","","","","6"
"dr1216","Rotherham Biological Records Centre - Non-sensitive Records from all taxonomic groups","doi:10.15468/d3tufo","Rotherham Biological Records Centre ([Insert download year]). Non-sensitive Records from all taxonomic groups. Occurrence dataset on the NBN Atlas.","Creative Commons, with Attribution, Non-commercial v4.0 (CC-BY-NC) CC-BY-NC","For more information: email Paul.Leonard@rotherham.gov.uk, or https://registry.nbnatlas.org/public/show/dr1216","","","","1209"
"dr782","Shropshire Ecological Data Network database","doi:10.15468/5v5pvk","Shropshire Ecological Data Network ([Insert download year]). Shropshire Ecological Data Network database. Occurrence dataset on the NBN Atlas","Creative Commons with Attribution 4.0 (CC-BY) CC-BY","For more information: email alex.lockton@gmail.com, or https://registry.nbnatlas.org/public/show/dr782","","","","726"
"dp120","Shropshire Ecological Data Network","","Records provided by Shropshire Ecological Data Network, accessed through NBN Atlas website.","","For more information:  https://registry.nbnatlas.org/public/show/dp120","","","","726"
"dr2548","2012-2014 Orkney Islands Council Marine Non-Native Species Monitoring Programme - Version 2.1","https://doi.org/10.17031/nsobqc","Orkney Islands Council, Department of Harbours (OIC) (2018): 2012-2014 Orkney Islands Council Marine Non-Native Species Monitoring Programme. v2.1. Marine Biological Association. Dataset/Samplingevent. https://doi.org/10.17031/nsobqc","Creative Commons, with Attribution, Non-commercial v4.0 (CC-BY-NC)","For more information:  https://registry.nbnatlas.org/public/show/dr2548","","","","1"
"dr703","Dorset SSSI Species Records 1952 - 2004 (Natural England)","doi:10.15468/vcjzts","Dorset Environmental Records Centre ([Insert download year]). Dorset SSSI Species Records 1952 - 2004 (Natural England). Occurrence dataset on the NBN Atlas","Creative Commons, with Attribution, Non-commercial v4.0 (CC-BY-NC) CC-BY-NC","For more information: email derc@dorsetcc.gov.uk , or https://registry.nbnatlas.org/public/show/dr703","","","","31"
"dr309","Records from the RHS insect reference collection","doi:10.15468/b7sk69","Royal Horticultural Society ([Insert download year]). Records from the RHS insect reference collection. Dataset on the NBN Atlas","Creative Commons, with Attribution, Non-commercial v4.0 (CC-BY-NC) CC-BY-NC","For more information: email andrewsalisbury@rhs.org.uk, or https://registry.nbnatlas.org/public/show/dr309","","","","32"
"dp126","South East Wales Biodiversity Records Centre","","Records provided by South East Wales Biodiversity Records Centre, accessed through NBN Atlas website.","","For more information: email info@sewbrec.org.uk, or https://registry.nbnatlas.org/public/show/dp126","","","","300"
"dr303","SNH Invertebrate Site Condition Monitoring 2013/14: Ben Lomond SSSI","doi:10.15468/srj4pt","Caledonian Conservation Ltd","Open Government Licence (OGL) OGL","For more information: email chris.cathrine@caledonianconservation.co.uk, or https://registry.nbnatlas.org/public/show/dr303","","","","3"
"dr822","RHS monitoring of native and naturalised plants and animals at its gardens and surrounding areas","doi:10.15468/mjksef","Royal Horticultural Society ([Insert download year]). RHS monitoring of native and naturalised plants and animals at its gardens and surrounding areas. Occurrence dataset on the NBN Atlas","Creative Commons with Attribution 4.0 (CC-BY) CC-BY","For more information: email andrewsalisbury@rhs.org.uk, or https://registry.nbnatlas.org/public/show/dr822","","","","56"
"dr938","BRERC species records from all years at full resolution excluding Notable Species within the last 10 years","doi:10.15468/h1ln5p","Bristol Regional Environmental Records Centre ([Insert download year]). BEREC species records from all years at full resolution excluding Notable Species within the last 10 years. Occurrence dataset on the NBN Atlas","Creative Commons, with Attribution, Non-commercial v4.0 (CC-BY-NC) BRERC retains copyright. The data is provided via the NBN Atlas for non-commercial purposes.","For more information: email info@brerc.org.uk, or https://registry.nbnatlas.org/public/show/dr938","","","","702"
"dr817","St Andrews BioBlitz 2016","10.15468/146yiz","Fife Nature Records Centre ([Insert download year]). St Andrews BioBlitz 2016. Occurrence dataset on the NBN Atlas","Creative Commons, with Attribution, Non-commercial v4.0 (CC-BY-NC) CC-BY-NC","For more information: email nature.info@fife.gov.uk, or https://registry.nbnatlas.org/public/show/dr817","","","","1"
"dr819","Argyll Biological Records Dataset","doi:10.15468/ejve6c","Argyll Biological Records Centre ([Insert year of download]). Argyll Biological Records Dataset. Occurrence dataset on the NBN Atlas","Creative Commons with Attribution 4.0 (CC-BY) CC-BY","For more information:  https://registry.nbnatlas.org/public/show/dr819","","","","504"
"dp83","Natural England","","Records provided by Natural England, accessed through NBN Atlas website.","","For more information:  https://registry.nbnatlas.org/public/show/dp83","","","","622"
"dp80","Marine Biological Association","","Records provided by Marine Biological Association, accessed through NBN Atlas website.","","For more information: email dassh.enquiries@mba.ac.uk, or https://registry.nbnatlas.org/public/show/dp80","","","","4"
"dr1742","Patrick Roper’s Notebooks","doi:10.15468/ntnedq","Records provided by Patrick Roper’s Notebooks, accessed through NBN Atlas website.","Creative Commons Zero v1.0 (CC0)","For more information:  https://registry.nbnatlas.org/public/show/dr1742","","For further detail please contact Penny Green at the Sussex Biodiversity Record Centre: pennygreen@sussexwt.org.uk  The SxBRC offers a comprehensive reporting service, the different search options can be viewed on the SxBRC website and you can download an information request form on which you can submit your enquiry: www.sxbrc.org.uk .

The data can be viewed at a 1km resolution however the full details may be obtained directly from the Sussex Biodiversity Record Centre on request. This is to protect the interests of our data providers and to enable us to keep functioning as a not-for-profit data-gathering organisation. An adminstrative charge may be made at the point of enquiry.","","81"
"dr2677","Collection Specimens","https://doi.org/10.5519/0002965","Natural History Museum (2023). Data Portal query on 1 resources https://doi.org/10.5519/qd.i4tk4lrk","Creative Commons Zero v1.0 (CC0) CC0-1.0","For more information: email data@nhm.ac.uk, or https://registry.nbnatlas.org/public/show/dr2677","","","","245"
"dr2556","1915-2016 Department for Environment Food & Rural Affairs (Defra), Marine Strategy Framework Directive (MSFD) Collation of invasive non-indigenous species - Version 2.3","https://doi.org/10.17031/f0vfo3","Department for Environment Food and Rural Affairs (Defra) (2018): 1915-2016 Department for Environment Food & Rural Affairs (Defra), Marine Strategy Framework Directive (MSFD) Collation of invasive non-indigenous species. v2.3. Marine Biological Association. Dataset/Samplingevent. https://doi.org/10.17031/f0vfo3","Creative Commons, with Attribution, Non-commercial v4.0 (CC-BY-NC)","For more information:  https://registry.nbnatlas.org/public/show/dr2556","","","","1"
"dr772","Insects, Outer Hebrides","doi:10.15468/lbnrps","Outer Hebrides Biological Recording ([Insert download year]). Insects, Outer Hebrides. Occurrence dataset on the NBN Atlas","Creative Commons with Attribution 4.0 (CC-BY) CC-BY","For more information:  https://registry.nbnatlas.org/public/show/dr772","","","","285"
"dp111","Merseyside BioBank","","Records provided by Merseyside BioBank, accessed through NBN Atlas website.","","For more information: email info@merseysidebiobank.org.uk, or https://registry.nbnatlas.org/public/show/dp111","","","","19"
"dp112","Isle of Wight Local Records Centre","","Records provided by Isle of Wight Local Records Centre, accessed through NBN Atlas website.","","For more information:  https://registry.nbnatlas.org/public/show/dp112","","","","4"
"dr493","Lothian Wildlife Information Centre Secret Garden Survey","doi:10.15468/k8goct","The Wildlife Information Centre ([Insert download year]). Lothian Wildlife Information Centre Secret Garden Survey. Occurrence dataset on the NBN Atlas","Creative Commons, with Attribution, Non-commercial v4.0 (CC-BY-NC) CC-BY-NC","For more information: email admin@wildlifeinformation.co.uk, or https://registry.nbnatlas.org/public/show/dr493","","","","1"
"dp118","Norfolk Biodiversity Information Service","","Records provided by Norfolk Biodiversity Information Service, accessed through NBN Atlas website.","","For more information: email enquiries.nbis@norfolk.gov.uk, or https://registry.nbnatlas.org/public/show/dp118","","","","7276"
"dp239","Sheffield and Rotherham Wildlife Trust","","Records provided by Sheffield and Rotherham Wildlife Trust, accessed through NBN Atlas website.","","For more information:  https://registry.nbnatlas.org/public/show/dp239","","","","5"
"dr814","Isle of Wight Notable Species","doi:10.15468/sm4ety","Isle of Wight Local Records Centre ([Insert download year]). Isle of Wight Notable Species. Occurrence dataset on the NBN Atlas","Creative Commons, with Attribution, Non-commercial v4.0 (CC-BY-NC) CC-BY-NC","For more information: email lrc@iow.gov.uk, or https://registry.nbnatlas.org/public/show/dr814","","","","4"
"dr898","SEWBReC Bees, Wasps and Ants (South East Wales)","doi:10.15468/vectrq","Records provided by SEWBReC Bees, Wasps and Ants (South East Wales), accessed through NBN Atlas website.","Creative Commons, with Attribution, Non-commercial v4.0 (CC-BY-NC) CC-BY-NC","For more information: email info@sewbrec.org.uk, or https://registry.nbnatlas.org/public/show/dr898","","","","299"
"dp115","Manx Biological Recording Partnership","","Records provided by Manx Biological Recording Partnership, accessed through NBN Atlas website.","","For more information: email philippa.tomlinson@gov.im, or https://registry.nbnatlas.org/public/show/dp115","","","","15"
"dp116","National Trust","","Records provided by National Trust, accessed through NBN Atlas website.","","For more information:  https://registry.nbnatlas.org/public/show/dp116","","","","2231"
"dr1233","SNH Invertebrate Site Condition Monitoring 2015-16: Rum SSSI","doi:10.15468/sgiez0","Caledonian Conservation ([Insert download year]). SNH Invertebrate Site Condition Monitoring 2015-16: Rum SSSI. Occurrence dataset on the NBN Atlas","Open Government Licence (OGL) CC-BY","For more information: email chris.cathrine@caledonianconservation.co.uk, or https://registry.nbnatlas.org/public/show/dr1233","","","","37"
"dr1197","RECORD Aculeate Hymenoptera Data","doi:10.15468/msskwi","RECORD ([Insert download year]). RECORD Aculeate Hymenoptera Data. Occurrence dataset on the NBN Atlas","Creative Commons, with Attribution, Non-commercial v4.0 (CC-BY-NC) CC-BY-NC","For more information: email enquiry@record-lrc.co.uk, or https://registry.nbnatlas.org/public/show/dr1197","","","","659"
"dr1236","National Trust Species Records","doi:10.15468/opc6g1","National Trust ([Insert download year]). National Trust Species Records. Occurrence dataset on the NBN Atlas","Creative Commons Zero v1.0 (CC0) CC0","For more information:  https://registry.nbnatlas.org/public/show/dr1236","","","","2231"
"dr321","SNH Invertebrate Site Condition Monitoring 2013/14: Black Wood of Rannoch SSSI","doi:10.15468/vue3gs","Caledonian Conservation Ltd","Open Government Licence (OGL) OGL","For more information: email chris.cathrine@caledonianconservation.co.uk, or https://registry.nbnatlas.org/public/show/dr321","","","","18"
"dp266","Natural History Museum, London","","Records provided by Natural History Museum, London, accessed through NBN Atlas website.","","For more information:  https://registry.nbnatlas.org/public/show/dp266","","","","245"
"dr840","Fife Nature Records Centre combined dataset","10.15468/ccc1ip","Fife Nature Records Centre ([Insert download year]). Fife Nature Records Centre combined dataset. Occurrence dataset on the NBN Atlas","Creative Commons, with Attribution, Non-commercial v4.0 (CC-BY-NC) CC-BY-NC","For more information:  https://registry.nbnatlas.org/public/show/dr840","","","","28"
"dr323","SNH Invertebrate Site Condition Monitoring 2013/14: Earlshall Muir SSSI","doi:10.15468/9dk3dk","Caledonian Conservation Ltd","Open Government Licence (OGL) CC-BY","For more information: email chris.cathrine@caledonianconservation.co.uk, or https://registry.nbnatlas.org/public/show/dr323","","","","2"
"dr1515","Ron McBeath records (2010 - 2014)","10.15468/jff6ct","The Wildlife Information Centre ([Insert download year]). Ron McBeath records (2010 - 2014). Occurrence dataset on the NBN Atlas","Creative Commons, with Attribution, Non-commercial v4.0 (CC-BY-NC) CC-BY-NC","For more information: email admin@wildlifeinformation.co.uk, or https://registry.nbnatlas.org/public/show/dr1515","","","","6"
"dr689","Dorset Sites of Nature Conservation Interest (SNCI) species records pre 2000","doi:10.15468/qyg29v","Dorset Environmental Records Centre ([Insert download year]). Dorset Sites of Nature Conservation Interest (SNCI) species records pre 2000. Occurrence dataset on the NBN Atlas","Creative Commons, with Attribution, Non-commercial v4.0 (CC-BY-NC) CC-BY-NC","For more information: email derc@dorsetcc.gov.uk , or https://registry.nbnatlas.org/public/show/dr689","","","","2"
"dr721","Invertebrate Common Standards Monitoring and ISIS Test Data","doi:10.15468/epw9ym","Natural England ([Insert download year]). Invertebrate Common Standards Monitoring and ISIS Test Data. Occurrence dataset on the NBN Atlas","Open Government Licence (OGL) OGL","For more information:  https://registry.nbnatlas.org/public/show/dr721","","","","505"
"dr965","HBRG Insects Dataset Vol 1","doi:10.15468/u1p4wc","Highland Biological Recording Group ([Insert year of download]). HBRG Insects Dataset Vol 1. Occurrence dataset accessed through the NBN Atlas","Creative Commons with Attribution 4.0 (CC-BY) CC-BY","For more information: email records@hbrg.org.uk, or https://registry.nbnatlas.org/public/show/dr965","","","","4319"
"dr1241","WTSWW Data: All Taxa (West Wales)","doi:10.15468/gaakk2","West Wales Biodiversity Information Centre ([Insert download year]). WTSWW Data: All Taxa (West Wales). Occurrence dataset on the NBN Atlas","Creative Commons, with Attribution, Non-commercial v4.0 (CC-BY-NC) CC-BY-NC","For more information: email Kate.jones@wwbic.org.uk, or https://registry.nbnatlas.org/public/show/dr1241","","","","77"
"dr1363","Invertebrate records from sites that are mainly across Scotland","doi:10.15468/aaxvmc","Buglife ([Insert download year]). Invertebrate records from sites that are mainly across Scotland. Occurrence record dataset on the NBN Atlas","Creative Commons, with Attribution, Non-commercial v4.0 (CC-BY-NC) CC-BY-NC","For more information:  https://registry.nbnatlas.org/public/show/dr1363","Records from various invertebrtae surveys from 2000. Data set includes historic records of Glow worm and Oil beetles from across Scotland dating from 1869.","","","264"
"dr1484","2017 North Devon Area of Outstanding Natural Beauty (AONB) Combe Martin Devon Bioblitz","doi:10.15468/ll74l2","Records provided by 2017 North Devon Area of Outstanding Natural Beauty (AONB) Combe Martin Devon Bioblitz, accessed through NBN Atlas website.","Creative Commons with Attribution 4.0 (CC-BY) CC BY","For more information:  https://registry.nbnatlas.org/public/show/dr1484","Further information about the survey event can be sought from the Coastal Creatures project manager the at North Devon Area of Outstanding Natural Beauty (AONB)","","","2"
"dr1522","LWIC - Local Patch Project","10.15468/4q5ynf","The Wildlife Information Centre ([Insert download year]). LWIC - Local Patch Project. Occurrence dataset on the NBN Atlas","Creative Commons, with Attribution, Non-commercial v4.0 (CC-BY-NC) CC-BY-NC","For more information: email admin@wildlifeinformation.co.uk, or https://registry.nbnatlas.org/public/show/dr1522","","","","2"
"dr2579","Manx Wildlife Trust - Records","10.15468/4hydf5","Data supplied by Manx Wildlife Trust","Creative Commons with Attribution 4.0 (CC-BY) CC BY
      		Creative Commons Attribution","For more information: email enquiries@mwt.im, or https://registry.nbnatlas.org/public/show/dr2579","","","","15"
"dr1402","Yorkshire Wildlife Trust - Non-sensitive records from all taxonomic groups","doi:10.15468/2razk5","Records provided by Yorkshire Wildlife Trust - Non-sensitive records from all taxonomic groups, accessed through NBN Atlas website.","Creative Commons, with Attribution, Non-commercial v4.0 (CC-BY-NC) CC-BY-NC","For more information:  https://registry.nbnatlas.org/public/show/dr1402","","","","171"
"dp133","Record","","Records provided by Record, accessed through NBN Atlas website.","","For more information: email Info@record-lrc.co.uk, or https://registry.nbnatlas.org/public/show/dp133","","","","659"
"dr1248","NRW Regional Data: North Wales","doi:10.15468/krljpu","Cofnod – North Wales Environmental Information Service ([Insert download year]). NRW Regional Data: North Wales. Occurrence dataset on the NBN Atlas","Open Government Licence (OGL) OGL","For more information: email record@cofnod.org.uk, or https://registry.nbnatlas.org/public/show/dr1248","","","","7"
"dr2730","HBRG Insects Dataset Vol 2","","Highland Biological Recording Group ([Insert download year]). HBRG Insects Dataset Vol 2. Occurrence dataset on the NBN Atlas","Creative Commons with Attribution 4.0 (CC-BY)","For more information:  https://registry.nbnatlas.org/public/show/dr2730","","","","53"
"dr670","HeathNet data","doi:10.15468/ikmfii","Biological Records Centre ([Insert download year]). HeathNet data. Occurrence dataset on the NBN Atlas","Creative Commons with Attribution 4.0 (CC-BY) CC-BY","For more information: email brc@ceh.ac.uk, or https://registry.nbnatlas.org/public/show/dr670","","","","4"
"dp130","Yorkshire Wildlife Trust","","Records provided by Yorkshire Wildlife Trust, accessed through NBN Atlas website.","","For more information: email info@ywt.org.uk, or https://registry.nbnatlas.org/public/show/dp130","","","","171"
"dp131","Cofnod – North Wales Environmental Information Service","","Records provided by Cofnod – North Wales Environmental Information Service, accessed through NBN Atlas website.","","For more information: email contactus@cofnod.org.uk, or https://registry.nbnatlas.org/public/show/dp131","","","","249"
"dp137","Gloucestershire Centre for Environmental Records","","Records provided by Gloucestershire Centre for Environmental Records, accessed through NBN Atlas website.","","For more information: email gcer@gloucestershirewildlifetrust.co.uk, or https://registry.nbnatlas.org/public/show/dp137","","","","115"
"dp259","Nottinghamshire Wildlife Trust","","Records provided by Nottinghamshire Wildlife Trust, accessed through NBN Atlas website.","","For more information:  https://registry.nbnatlas.org/public/show/dp259","","","","1"
"dp139","Centre for Environmental Data and Recording","","Records provided by Centre for Environmental Data and Recording, accessed through NBN Atlas website.","","For more information: email cedar.info@nmni.com, or https://registry.nbnatlas.org/public/show/dp139","","","","99"
"dr316","SNH Invertebrate Site Condition Monitoring 2013/14: Crathie Wood SSSI","doi:10.15468/h1cw6o","Caledonian Conservation Ltd","Open Government Licence (OGL) OGL","For more information: email chris.cathrine@caledonianconservation.co.uk, or https://registry.nbnatlas.org/public/show/dr316","","","","10"
